filename,label
0 (No Cheat)_Train (1).jpg,0 (No Cheat)
0 (No Cheat)_Train (2).jpg,0 (No Cheat)
0 (No Cheat)_Train (3).jpg,0 (No Cheat)
0 (No Cheat)_Train (4).jpg,0 (No Cheat)
0 (No Cheat)_Train (5).jpg,0 (No Cheat)
0 (No Cheat)_Train (6).jpg,0 (No Cheat)
0 (No Cheat)_Train (7).jpg,0 (No Cheat)
0 (No Cheat)_Train (8).jpg,0 (No Cheat)
0 (No Cheat)_Train (9).jpg,0 (No Cheat)
0 (No Cheat)_Train (10).jpg,0 (No Cheat)
0 (No Cheat)_Train (11).jpg,0 (No Cheat)
0 (No Cheat)_Train (12).jpg,0 (No Cheat)
0 (No Cheat)_Train (13).jpg,0 (No Cheat)
0 (No Cheat)_Train (14).jpg,0 (No Cheat)
0 (No Cheat)_Train (15).jpg,0 (No Cheat)
0 (No Cheat)_Train (16).jpg,0 (No Cheat)
0 (No Cheat)_Train (17).jpg,0 (No Cheat)
0 (No Cheat)_Train (18).jpg,0 (No Cheat)
0 (No Cheat)_Train (19).jpg,0 (No Cheat)
0 (No Cheat)_Train (20).jpg,0 (No Cheat)
0 (No Cheat)_Train (21).jpg,0 (No Cheat)
0 (No Cheat)_Train (22).jpg,0 (No Cheat)
0 (No Cheat)_Train (23).jpg,0 (No Cheat)
0 (No Cheat)_Train (24).jpg,0 (No Cheat)
0 (No Cheat)_Train (25).jpg,0 (No Cheat)
0 (No Cheat)_Train (26).jpg,0 (No Cheat)
0 (No Cheat)_Train (27).jpg,0 (No Cheat)
0 (No Cheat)_Train (28).jpg,0 (No Cheat)
0 (No Cheat)_Train (29).jpg,0 (No Cheat)
0 (No Cheat)_Train (30).jpg,0 (No Cheat)
0 (No Cheat)_Train (31).jpg,0 (No Cheat)
0 (No Cheat)_Train (32).jpg,0 (No Cheat)
0 (No Cheat)_Train (33).jpg,0 (No Cheat)
0 (No Cheat)_Train (34).jpg,0 (No Cheat)
0 (No Cheat)_Train (35).jpg,0 (No Cheat)
0 (No Cheat)_Train (36).jpg,0 (No Cheat)
0 (No Cheat)_Train (37).jpg,0 (No Cheat)
0 (No Cheat)_Train (38).jpg,0 (No Cheat)
0 (No Cheat)_Train (39).jpg,0 (No Cheat)
0 (No Cheat)_Train (40).jpg,0 (No Cheat)
0 (No Cheat)_Train (41).jpg,0 (No Cheat)
0 (No Cheat)_Train (42).jpg,0 (No Cheat)
0 (No Cheat)_Train (43).jpg,0 (No Cheat)
0 (No Cheat)_Train (44).jpg,0 (No Cheat)
0 (No Cheat)_Train (45).jpg,0 (No Cheat)
0 (No Cheat)_Train (46).jpg,0 (No Cheat)
0 (No Cheat)_Train (47).jpg,0 (No Cheat)
0 (No Cheat)_Train (48).jpg,0 (No Cheat)
0 (No Cheat)_Train (49).jpg,0 (No Cheat)
0 (No Cheat)_Train (50).jpg,0 (No Cheat)
0 (No Cheat)_Train (51).jpg,0 (No Cheat)
0 (No Cheat)_Train (52).jpg,0 (No Cheat)
0 (No Cheat)_Train (53).jpg,0 (No Cheat)
0 (No Cheat)_Train (54).jpg,0 (No Cheat)
0 (No Cheat)_Train (55).jpg,0 (No Cheat)
0 (No Cheat)_Train (56).jpg,0 (No Cheat)
0 (No Cheat)_Train (57).jpg,0 (No Cheat)
0 (No Cheat)_Train (58).jpg,0 (No Cheat)
0 (No Cheat)_Train (59).jpg,0 (No Cheat)
0 (No Cheat)_Train (60).jpg,0 (No Cheat)
0 (No Cheat)_Train (61).jpg,0 (No Cheat)
0 (No Cheat)_Train (62).jpg,0 (No Cheat)
0 (No Cheat)_Train (63).jpg,0 (No Cheat)
0 (No Cheat)_Train (64).jpg,0 (No Cheat)
0 (No Cheat)_Train (65).jpg,0 (No Cheat)
0 (No Cheat)_Train (66).jpg,0 (No Cheat)
0 (No Cheat)_Train (67).jpg,0 (No Cheat)
0 (No Cheat)_Train (68).jpg,0 (No Cheat)
0 (No Cheat)_Train (69).jpg,0 (No Cheat)
0 (No Cheat)_Train (70).jpg,0 (No Cheat)
0 (No Cheat)_Train (71).jpg,0 (No Cheat)
0 (No Cheat)_Train (72).jpg,0 (No Cheat)
0 (No Cheat)_Train (73).jpg,0 (No Cheat)
0 (No Cheat)_Train (74).jpg,0 (No Cheat)
0 (No Cheat)_Train (75).jpg,0 (No Cheat)
0 (No Cheat)_Train (76).jpg,0 (No Cheat)
0 (No Cheat)_Train (77).jpg,0 (No Cheat)
0 (No Cheat)_Train (78).jpg,0 (No Cheat)
0 (No Cheat)_Train (79).jpg,0 (No Cheat)
0 (No Cheat)_Train (80).jpg,0 (No Cheat)
0 (No Cheat)_Train (81).jpg,0 (No Cheat)
0 (No Cheat)_Train (82).jpg,0 (No Cheat)
0 (No Cheat)_Train (83).jpg,0 (No Cheat)
0 (No Cheat)_Train (84).jpg,0 (No Cheat)
0 (No Cheat)_Train (85).jpg,0 (No Cheat)
0 (No Cheat)_Train (86).jpg,0 (No Cheat)
0 (No Cheat)_Train (87).jpg,0 (No Cheat)
0 (No Cheat)_Train (88).jpg,0 (No Cheat)
0 (No Cheat)_Train (89).jpg,0 (No Cheat)
0 (No Cheat)_Train (90).jpg,0 (No Cheat)
0 (No Cheat)_Train (91).jpg,0 (No Cheat)
0 (No Cheat)_Train (92).jpg,0 (No Cheat)
0 (No Cheat)_Train (93).jpg,0 (No Cheat)
0 (No Cheat)_Train (94).jpg,0 (No Cheat)
0 (No Cheat)_Train (95).jpg,0 (No Cheat)
0 (No Cheat)_Train (96).jpg,0 (No Cheat)
0 (No Cheat)_Train (97).jpg,0 (No Cheat)
0 (No Cheat)_Train (98).jpg,0 (No Cheat)
0 (No Cheat)_Train (99).jpg,0 (No Cheat)
0 (No Cheat)_Train (100).jpg,0 (No Cheat)
0 (No Cheat)_Train (101).jpg,0 (No Cheat)
0 (No Cheat)_Train (102).jpg,0 (No Cheat)
0 (No Cheat)_Train (103).jpg,0 (No Cheat)
0 (No Cheat)_Train (104).jpg,0 (No Cheat)
0 (No Cheat)_Train (105).jpg,0 (No Cheat)
0 (No Cheat)_Train (106).jpg,0 (No Cheat)
0 (No Cheat)_Train (107).jpg,0 (No Cheat)
0 (No Cheat)_Train (108).jpg,0 (No Cheat)
0 (No Cheat)_Train (109).jpg,0 (No Cheat)
0 (No Cheat)_Train (110).jpg,0 (No Cheat)
0 (No Cheat)_Train (111).jpg,0 (No Cheat)
0 (No Cheat)_Train (112).jpg,0 (No Cheat)
0 (No Cheat)_Train (113).jpg,0 (No Cheat)
0 (No Cheat)_Train (114).jpg,0 (No Cheat)
0 (No Cheat)_Train (115).jpg,0 (No Cheat)
0 (No Cheat)_Train (116).jpg,0 (No Cheat)
0 (No Cheat)_Train (117).jpg,0 (No Cheat)
0 (No Cheat)_Train (118).jpg,0 (No Cheat)
0 (No Cheat)_Train (119).jpg,0 (No Cheat)
0 (No Cheat)_Train (120).jpg,0 (No Cheat)
0 (No Cheat)_Train (121).jpg,0 (No Cheat)
0 (No Cheat)_Train (122).jpg,0 (No Cheat)
0 (No Cheat)_Train (123).jpg,0 (No Cheat)
0 (No Cheat)_Train (124).jpg,0 (No Cheat)
0 (No Cheat)_Train (125).jpg,0 (No Cheat)
0 (No Cheat)_Train (126).jpg,0 (No Cheat)
0 (No Cheat)_Train (127).jpg,0 (No Cheat)
0 (No Cheat)_Train (128).jpg,0 (No Cheat)
0 (No Cheat)_Train (129).jpg,0 (No Cheat)
0 (No Cheat)_Train (130).jpg,0 (No Cheat)
0 (No Cheat)_Train (131).jpg,0 (No Cheat)
0 (No Cheat)_Train (132).jpg,0 (No Cheat)
0 (No Cheat)_Train (133).jpg,0 (No Cheat)
0 (No Cheat)_Train (134).jpg,0 (No Cheat)
0 (No Cheat)_Train (135).jpg,0 (No Cheat)
0 (No Cheat)_Train (136).jpg,0 (No Cheat)
0 (No Cheat)_Train (137).jpg,0 (No Cheat)
0 (No Cheat)_Train (138).jpg,0 (No Cheat)
0 (No Cheat)_Train (139).jpg,0 (No Cheat)
0 (No Cheat)_Train (140).jpg,0 (No Cheat)
0 (No Cheat)_Train (141).jpg,0 (No Cheat)
0 (No Cheat)_Train (142).jpg,0 (No Cheat)
0 (No Cheat)_Train (143).jpg,0 (No Cheat)
0 (No Cheat)_Train (144).jpg,0 (No Cheat)
0 (No Cheat)_Train (145).jpg,0 (No Cheat)
0 (No Cheat)_Train (146).jpg,0 (No Cheat)
0 (No Cheat)_Train (147).jpg,0 (No Cheat)
0 (No Cheat)_Train (148).jpg,0 (No Cheat)
0 (No Cheat)_Train (149).jpg,0 (No Cheat)
0 (No Cheat)_Train (150).jpg,0 (No Cheat)
0 (No Cheat)_Train (151).jpg,0 (No Cheat)
0 (No Cheat)_Train (152).jpg,0 (No Cheat)
0 (No Cheat)_Train (153).jpg,0 (No Cheat)
0 (No Cheat)_Train (154).jpg,0 (No Cheat)
0 (No Cheat)_Train (155).jpg,0 (No Cheat)
0 (No Cheat)_Train (156).jpg,0 (No Cheat)
0 (No Cheat)_Train (157).jpg,0 (No Cheat)
0 (No Cheat)_Train (158).jpg,0 (No Cheat)
0 (No Cheat)_Train (159).jpg,0 (No Cheat)
0 (No Cheat)_Train (160).jpg,0 (No Cheat)
0 (No Cheat)_Train (161).jpg,0 (No Cheat)
0 (No Cheat)_Train (162).jpg,0 (No Cheat)
0 (No Cheat)_Train (163).jpg,0 (No Cheat)
0 (No Cheat)_Train (164).jpg,0 (No Cheat)
0 (No Cheat)_Train (165).jpg,0 (No Cheat)
0 (No Cheat)_Train (166).jpg,0 (No Cheat)
0 (No Cheat)_Train (167).jpg,0 (No Cheat)
0 (No Cheat)_Train (168).jpg,0 (No Cheat)
0 (No Cheat)_Train (169).jpg,0 (No Cheat)
0 (No Cheat)_Train (170).jpg,0 (No Cheat)
0 (No Cheat)_Train (171).jpg,0 (No Cheat)
0 (No Cheat)_Train (172).jpg,0 (No Cheat)
0 (No Cheat)_Train (173).jpg,0 (No Cheat)
0 (No Cheat)_Train (174).jpg,0 (No Cheat)
0 (No Cheat)_Train (175).jpg,0 (No Cheat)
0 (No Cheat)_Train (176).jpg,0 (No Cheat)
0 (No Cheat)_Train (177).jpg,0 (No Cheat)
0 (No Cheat)_Train (178).jpg,0 (No Cheat)
0 (No Cheat)_Train (179).jpg,0 (No Cheat)
0 (No Cheat)_Train (180).jpg,0 (No Cheat)
0 (No Cheat)_Train (181).jpg,0 (No Cheat)
0 (No Cheat)_Train (182).jpg,0 (No Cheat)
0 (No Cheat)_Train (183).jpg,0 (No Cheat)
0 (No Cheat)_Train (184).jpg,0 (No Cheat)
0 (No Cheat)_Train (185).jpg,0 (No Cheat)
0 (No Cheat)_Train (186).jpg,0 (No Cheat)
0 (No Cheat)_Train (187).jpg,0 (No Cheat)
0 (No Cheat)_Train (188).jpg,0 (No Cheat)
0 (No Cheat)_Train (189).jpg,0 (No Cheat)
0 (No Cheat)_Train (190).jpg,0 (No Cheat)
0 (No Cheat)_Train (191).jpg,0 (No Cheat)
0 (No Cheat)_Train (192).jpg,0 (No Cheat)
0 (No Cheat)_Train (193).jpg,0 (No Cheat)
0 (No Cheat)_Train (194).jpg,0 (No Cheat)
0 (No Cheat)_Train (195).jpg,0 (No Cheat)
0 (No Cheat)_Train (196).jpg,0 (No Cheat)
0 (No Cheat)_Train (197).jpg,0 (No Cheat)
0 (No Cheat)_Train (198).jpg,0 (No Cheat)
0 (No Cheat)_Train (199).jpg,0 (No Cheat)
0 (No Cheat)_Train (200).jpg,0 (No Cheat)
0 (No Cheat)_Train (201).jpg,0 (No Cheat)
0 (No Cheat)_Train (202).jpg,0 (No Cheat)
0 (No Cheat)_Train (203).jpg,0 (No Cheat)
0 (No Cheat)_Train (204).jpg,0 (No Cheat)
0 (No Cheat)_Train (205).jpg,0 (No Cheat)
0 (No Cheat)_Train (206).jpg,0 (No Cheat)
0 (No Cheat)_Train (207).jpg,0 (No Cheat)
0 (No Cheat)_Train (208).jpg,0 (No Cheat)
0 (No Cheat)_Train (209).jpg,0 (No Cheat)
0 (No Cheat)_Train (210).jpg,0 (No Cheat)
0 (No Cheat)_Train (211).jpg,0 (No Cheat)
0 (No Cheat)_Train (212).jpg,0 (No Cheat)
0 (No Cheat)_Train (213).jpg,0 (No Cheat)
0 (No Cheat)_Train (214).jpg,0 (No Cheat)
0 (No Cheat)_Train (215).jpg,0 (No Cheat)
0 (No Cheat)_Train (216).jpg,0 (No Cheat)
0 (No Cheat)_Train (217).jpg,0 (No Cheat)
0 (No Cheat)_Train (218).jpg,0 (No Cheat)
0 (No Cheat)_Train (219).jpg,0 (No Cheat)
0 (No Cheat)_Train (220).jpg,0 (No Cheat)
0 (No Cheat)_Train (221).jpg,0 (No Cheat)
0 (No Cheat)_Train (222).jpg,0 (No Cheat)
0 (No Cheat)_Train (223).jpg,0 (No Cheat)
0 (No Cheat)_Train (224).jpg,0 (No Cheat)
0 (No Cheat)_Train (225).jpg,0 (No Cheat)
0 (No Cheat)_Train (226).jpg,0 (No Cheat)
0 (No Cheat)_Train (227).jpg,0 (No Cheat)
0 (No Cheat)_Train (228).jpg,0 (No Cheat)
0 (No Cheat)_Train (229).jpg,0 (No Cheat)
0 (No Cheat)_Train (230).jpg,0 (No Cheat)
0 (No Cheat)_Train (231).jpg,0 (No Cheat)
0 (No Cheat)_Train (232).jpg,0 (No Cheat)
0 (No Cheat)_Train (233).jpg,0 (No Cheat)
0 (No Cheat)_Train (234).jpg,0 (No Cheat)
0 (No Cheat)_Train (235).jpg,0 (No Cheat)
0 (No Cheat)_Train (236).jpg,0 (No Cheat)
0 (No Cheat)_Train (237).jpg,0 (No Cheat)
0 (No Cheat)_Train (238).jpg,0 (No Cheat)
0 (No Cheat)_Train (239).jpg,0 (No Cheat)
0 (No Cheat)_Train (240).jpg,0 (No Cheat)
0 (No Cheat)_Train (241).jpg,0 (No Cheat)
0 (No Cheat)_Train (242).jpg,0 (No Cheat)
0 (No Cheat)_Train (243).jpg,0 (No Cheat)
0 (No Cheat)_Train (244).jpg,0 (No Cheat)
0 (No Cheat)_Train (245).jpg,0 (No Cheat)
0 (No Cheat)_Train (246).jpg,0 (No Cheat)
0 (No Cheat)_Train (247).jpg,0 (No Cheat)
0 (No Cheat)_Train (248).jpg,0 (No Cheat)
0 (No Cheat)_Train (249).jpg,0 (No Cheat)
0 (No Cheat)_Train (250).jpg,0 (No Cheat)
0 (No Cheat)_Train (251).jpg,0 (No Cheat)
0 (No Cheat)_Train (252).jpg,0 (No Cheat)
0 (No Cheat)_Train (253).jpg,0 (No Cheat)
0 (No Cheat)_Train (254).jpg,0 (No Cheat)
0 (No Cheat)_Train (255).jpg,0 (No Cheat)
0 (No Cheat)_Train (256).jpg,0 (No Cheat)
0 (No Cheat)_Train (257).jpg,0 (No Cheat)
0 (No Cheat)_Train (258).jpg,0 (No Cheat)
0 (No Cheat)_Train (259).jpg,0 (No Cheat)
0 (No Cheat)_Train (260).jpg,0 (No Cheat)
0 (No Cheat)_Train (261).jpg,0 (No Cheat)
0 (No Cheat)_Train (262).jpg,0 (No Cheat)
0 (No Cheat)_Train (263).jpg,0 (No Cheat)
0 (No Cheat)_Train (264).jpg,0 (No Cheat)
0 (No Cheat)_Train (265).jpg,0 (No Cheat)
0 (No Cheat)_Train (266).jpg,0 (No Cheat)
0 (No Cheat)_Train (267).jpg,0 (No Cheat)
0 (No Cheat)_Train (268).jpg,0 (No Cheat)
0 (No Cheat)_Train (269).jpg,0 (No Cheat)
0 (No Cheat)_Train (270).jpg,0 (No Cheat)
0 (No Cheat)_Train (271).jpg,0 (No Cheat)
0 (No Cheat)_Train (272).jpg,0 (No Cheat)
0 (No Cheat)_Train (273).jpg,0 (No Cheat)
0 (No Cheat)_Train (274).jpg,0 (No Cheat)
0 (No Cheat)_Train (275).jpg,0 (No Cheat)
0 (No Cheat)_Train (276).jpg,0 (No Cheat)
0 (No Cheat)_Train (277).jpg,0 (No Cheat)
0 (No Cheat)_Train (278).jpg,0 (No Cheat)
0 (No Cheat)_Train (279).jpg,0 (No Cheat)
0 (No Cheat)_Train (280).jpg,0 (No Cheat)
0 (No Cheat)_Train (281).jpg,0 (No Cheat)
0 (No Cheat)_Train (282).jpg,0 (No Cheat)
0 (No Cheat)_Train (283).jpg,0 (No Cheat)
0 (No Cheat)_Train (284).jpg,0 (No Cheat)
0 (No Cheat)_Train (285).jpg,0 (No Cheat)
0 (No Cheat)_Train (286).jpg,0 (No Cheat)
0 (No Cheat)_Train (287).jpg,0 (No Cheat)
0 (No Cheat)_Train (288).jpg,0 (No Cheat)
0 (No Cheat)_Train (289).jpg,0 (No Cheat)
0 (No Cheat)_Train (290).jpg,0 (No Cheat)
0 (No Cheat)_Train (291).jpg,0 (No Cheat)
0 (No Cheat)_Train (292).jpg,0 (No Cheat)
0 (No Cheat)_Train (293).jpg,0 (No Cheat)
0 (No Cheat)_Train (294).jpg,0 (No Cheat)
0 (No Cheat)_Train (295).jpg,0 (No Cheat)
0 (No Cheat)_Train (296).jpg,0 (No Cheat)
0 (No Cheat)_Train (297).jpg,0 (No Cheat)
0 (No Cheat)_Train (298).jpg,0 (No Cheat)
0 (No Cheat)_Train (299).jpg,0 (No Cheat)
0 (No Cheat)_Train (300).jpg,0 (No Cheat)
1 (Read Text)_Train (1).jpg,1 (Read Text)
1 (Read Text)_Train (2).jpg,1 (Read Text)
1 (Read Text)_Train (3).jpg,1 (Read Text)
1 (Read Text)_Train (4).jpg,1 (Read Text)
1 (Read Text)_Train (5).jpg,1 (Read Text)
1 (Read Text)_Train (6).jpg,1 (Read Text)
1 (Read Text)_Train (7).jpg,1 (Read Text)
1 (Read Text)_Train (8).jpg,1 (Read Text)
1 (Read Text)_Train (9).jpg,1 (Read Text)
1 (Read Text)_Train (10).jpg,1 (Read Text)
1 (Read Text)_Train (11).jpg,1 (Read Text)
1 (Read Text)_Train (12).jpg,1 (Read Text)
1 (Read Text)_Train (13).jpg,1 (Read Text)
1 (Read Text)_Train (14).jpg,1 (Read Text)
1 (Read Text)_Train (15).jpg,1 (Read Text)
1 (Read Text)_Train (16).jpg,1 (Read Text)
1 (Read Text)_Train (17).jpg,1 (Read Text)
1 (Read Text)_Train (18).jpg,1 (Read Text)
1 (Read Text)_Train (19).jpg,1 (Read Text)
1 (Read Text)_Train (20).jpg,1 (Read Text)
1 (Read Text)_Train (21).jpg,1 (Read Text)
1 (Read Text)_Train (22).jpg,1 (Read Text)
1 (Read Text)_Train (23).jpg,1 (Read Text)
1 (Read Text)_Train (24).jpg,1 (Read Text)
1 (Read Text)_Train (25).jpg,1 (Read Text)
1 (Read Text)_Train (26).jpg,1 (Read Text)
1 (Read Text)_Train (27).jpg,1 (Read Text)
1 (Read Text)_Train (28).jpg,1 (Read Text)
1 (Read Text)_Train (29).jpg,1 (Read Text)
1 (Read Text)_Train (30).jpg,1 (Read Text)
1 (Read Text)_Train (31).jpg,1 (Read Text)
1 (Read Text)_Train (32).jpg,1 (Read Text)
1 (Read Text)_Train (33).jpg,1 (Read Text)
1 (Read Text)_Train (34).jpg,1 (Read Text)
1 (Read Text)_Train (35).jpg,1 (Read Text)
1 (Read Text)_Train (36).jpg,1 (Read Text)
1 (Read Text)_Train (37).jpg,1 (Read Text)
1 (Read Text)_Train (38).jpg,1 (Read Text)
1 (Read Text)_Train (39).jpg,1 (Read Text)
1 (Read Text)_Train (40).jpg,1 (Read Text)
1 (Read Text)_Train (41).jpg,1 (Read Text)
1 (Read Text)_Train (42).jpg,1 (Read Text)
1 (Read Text)_Train (43).jpg,1 (Read Text)
1 (Read Text)_Train (44).jpg,1 (Read Text)
1 (Read Text)_Train (45).jpg,1 (Read Text)
1 (Read Text)_Train (46).jpg,1 (Read Text)
1 (Read Text)_Train (47).jpg,1 (Read Text)
1 (Read Text)_Train (48).jpg,1 (Read Text)
1 (Read Text)_Train (49).jpg,1 (Read Text)
1 (Read Text)_Train (50).jpg,1 (Read Text)
1 (Read Text)_Train (51).jpg,1 (Read Text)
1 (Read Text)_Train (52).jpg,1 (Read Text)
1 (Read Text)_Train (53).jpg,1 (Read Text)
1 (Read Text)_Train (54).jpg,1 (Read Text)
1 (Read Text)_Train (55).jpg,1 (Read Text)
1 (Read Text)_Train (56).jpg,1 (Read Text)
1 (Read Text)_Train (57).jpg,1 (Read Text)
1 (Read Text)_Train (58).jpg,1 (Read Text)
1 (Read Text)_Train (59).jpg,1 (Read Text)
1 (Read Text)_Train (60).jpg,1 (Read Text)
1 (Read Text)_Train (61).jpg,1 (Read Text)
1 (Read Text)_Train (62).jpg,1 (Read Text)
1 (Read Text)_Train (63).jpg,1 (Read Text)
1 (Read Text)_Train (64).jpg,1 (Read Text)
1 (Read Text)_Train (65).jpg,1 (Read Text)
1 (Read Text)_Train (66).jpg,1 (Read Text)
1 (Read Text)_Train (67).jpg,1 (Read Text)
1 (Read Text)_Train (68).jpg,1 (Read Text)
1 (Read Text)_Train (69).jpg,1 (Read Text)
1 (Read Text)_Train (70).jpg,1 (Read Text)
1 (Read Text)_Train (71).jpg,1 (Read Text)
1 (Read Text)_Train (72).jpg,1 (Read Text)
1 (Read Text)_Train (73).jpg,1 (Read Text)
1 (Read Text)_Train (74).jpg,1 (Read Text)
1 (Read Text)_Train (75).jpg,1 (Read Text)
1 (Read Text)_Train (76).jpg,1 (Read Text)
1 (Read Text)_Train (77).jpg,1 (Read Text)
1 (Read Text)_Train (78).jpg,1 (Read Text)
1 (Read Text)_Train (79).jpg,1 (Read Text)
1 (Read Text)_Train (80).jpg,1 (Read Text)
1 (Read Text)_Train (81).jpg,1 (Read Text)
1 (Read Text)_Train (82).jpg,1 (Read Text)
1 (Read Text)_Train (83).jpg,1 (Read Text)
1 (Read Text)_Train (84).jpg,1 (Read Text)
1 (Read Text)_Train (85).jpg,1 (Read Text)
1 (Read Text)_Train (86).jpg,1 (Read Text)
1 (Read Text)_Train (87).jpg,1 (Read Text)
1 (Read Text)_Train (88).jpg,1 (Read Text)
1 (Read Text)_Train (89).jpg,1 (Read Text)
1 (Read Text)_Train (90).jpg,1 (Read Text)
1 (Read Text)_Train (91).jpg,1 (Read Text)
1 (Read Text)_Train (92).jpg,1 (Read Text)
1 (Read Text)_Train (93).jpg,1 (Read Text)
1 (Read Text)_Train (94).jpg,1 (Read Text)
1 (Read Text)_Train (95).jpg,1 (Read Text)
1 (Read Text)_Train (96).jpg,1 (Read Text)
1 (Read Text)_Train (97).jpg,1 (Read Text)
1 (Read Text)_Train (98).jpg,1 (Read Text)
1 (Read Text)_Train (99).jpg,1 (Read Text)
1 (Read Text)_Train (100).jpg,1 (Read Text)
1 (Read Text)_Train (101).jpg,1 (Read Text)
1 (Read Text)_Train (102).jpg,1 (Read Text)
1 (Read Text)_Train (103).jpg,1 (Read Text)
1 (Read Text)_Train (104).jpg,1 (Read Text)
1 (Read Text)_Train (105).jpg,1 (Read Text)
1 (Read Text)_Train (106).jpg,1 (Read Text)
1 (Read Text)_Train (107).jpg,1 (Read Text)
1 (Read Text)_Train (108).jpg,1 (Read Text)
1 (Read Text)_Train (109).jpg,1 (Read Text)
1 (Read Text)_Train (110).jpg,1 (Read Text)
1 (Read Text)_Train (111).jpg,1 (Read Text)
1 (Read Text)_Train (112).jpg,1 (Read Text)
1 (Read Text)_Train (113).jpg,1 (Read Text)
1 (Read Text)_Train (114).jpg,1 (Read Text)
1 (Read Text)_Train (115).jpg,1 (Read Text)
1 (Read Text)_Train (116).jpg,1 (Read Text)
1 (Read Text)_Train (117).jpg,1 (Read Text)
1 (Read Text)_Train (118).jpg,1 (Read Text)
1 (Read Text)_Train (119).jpg,1 (Read Text)
1 (Read Text)_Train (120).jpg,1 (Read Text)
1 (Read Text)_Train (121).jpg,1 (Read Text)
1 (Read Text)_Train (122).jpg,1 (Read Text)
1 (Read Text)_Train (123).jpg,1 (Read Text)
1 (Read Text)_Train (124).jpg,1 (Read Text)
1 (Read Text)_Train (125).jpg,1 (Read Text)
1 (Read Text)_Train (126).jpg,1 (Read Text)
1 (Read Text)_Train (127).jpg,1 (Read Text)
1 (Read Text)_Train (128).jpg,1 (Read Text)
1 (Read Text)_Train (129).jpg,1 (Read Text)
1 (Read Text)_Train (130).jpg,1 (Read Text)
1 (Read Text)_Train (131).jpg,1 (Read Text)
1 (Read Text)_Train (132).jpg,1 (Read Text)
1 (Read Text)_Train (133).jpg,1 (Read Text)
1 (Read Text)_Train (134).jpg,1 (Read Text)
1 (Read Text)_Train (135).jpg,1 (Read Text)
1 (Read Text)_Train (136).jpg,1 (Read Text)
1 (Read Text)_Train (137).jpg,1 (Read Text)
1 (Read Text)_Train (138).jpg,1 (Read Text)
1 (Read Text)_Train (139).jpg,1 (Read Text)
1 (Read Text)_Train (140).jpg,1 (Read Text)
1 (Read Text)_Train (141).jpg,1 (Read Text)
1 (Read Text)_Train (142).jpg,1 (Read Text)
1 (Read Text)_Train (143).jpg,1 (Read Text)
1 (Read Text)_Train (144).jpg,1 (Read Text)
1 (Read Text)_Train (145).jpg,1 (Read Text)
1 (Read Text)_Train (146).jpg,1 (Read Text)
1 (Read Text)_Train (147).jpg,1 (Read Text)
1 (Read Text)_Train (148).jpg,1 (Read Text)
1 (Read Text)_Train (149).jpg,1 (Read Text)
1 (Read Text)_Train (150).jpg,1 (Read Text)
1 (Read Text)_Train (151).jpg,1 (Read Text)
1 (Read Text)_Train (152).jpg,1 (Read Text)
1 (Read Text)_Train (153).jpg,1 (Read Text)
1 (Read Text)_Train (154).jpg,1 (Read Text)
1 (Read Text)_Train (155).jpg,1 (Read Text)
1 (Read Text)_Train (156).jpg,1 (Read Text)
1 (Read Text)_Train (157).jpg,1 (Read Text)
1 (Read Text)_Train (158).jpg,1 (Read Text)
1 (Read Text)_Train (159).jpg,1 (Read Text)
1 (Read Text)_Train (160).jpg,1 (Read Text)
1 (Read Text)_Train (161).jpg,1 (Read Text)
1 (Read Text)_Train (162).jpg,1 (Read Text)
1 (Read Text)_Train (163).jpg,1 (Read Text)
1 (Read Text)_Train (164).jpg,1 (Read Text)
1 (Read Text)_Train (165).jpg,1 (Read Text)
1 (Read Text)_Train (166).jpg,1 (Read Text)
1 (Read Text)_Train (167).jpg,1 (Read Text)
1 (Read Text)_Train (168).jpg,1 (Read Text)
1 (Read Text)_Train (169).jpg,1 (Read Text)
1 (Read Text)_Train (170).jpg,1 (Read Text)
1 (Read Text)_Train (171).jpg,1 (Read Text)
1 (Read Text)_Train (172).jpg,1 (Read Text)
1 (Read Text)_Train (173).jpg,1 (Read Text)
1 (Read Text)_Train (174).jpg,1 (Read Text)
1 (Read Text)_Train (175).jpg,1 (Read Text)
1 (Read Text)_Train (176).jpg,1 (Read Text)
1 (Read Text)_Train (177).jpg,1 (Read Text)
1 (Read Text)_Train (178).jpg,1 (Read Text)
1 (Read Text)_Train (179).jpg,1 (Read Text)
1 (Read Text)_Train (180).jpg,1 (Read Text)
1 (Read Text)_Train (181).jpg,1 (Read Text)
1 (Read Text)_Train (182).jpg,1 (Read Text)
1 (Read Text)_Train (183).jpg,1 (Read Text)
1 (Read Text)_Train (184).jpg,1 (Read Text)
1 (Read Text)_Train (185).jpg,1 (Read Text)
1 (Read Text)_Train (186).jpg,1 (Read Text)
1 (Read Text)_Train (187).jpg,1 (Read Text)
1 (Read Text)_Train (188).jpg,1 (Read Text)
1 (Read Text)_Train (189).jpg,1 (Read Text)
1 (Read Text)_Train (190).jpg,1 (Read Text)
1 (Read Text)_Train (191).jpg,1 (Read Text)
1 (Read Text)_Train (192).jpg,1 (Read Text)
1 (Read Text)_Train (193).jpg,1 (Read Text)
1 (Read Text)_Train (194).jpg,1 (Read Text)
1 (Read Text)_Train (195).jpg,1 (Read Text)
1 (Read Text)_Train (196).jpg,1 (Read Text)
1 (Read Text)_Train (197).jpg,1 (Read Text)
1 (Read Text)_Train (198).jpg,1 (Read Text)
1 (Read Text)_Train (199).jpg,1 (Read Text)
1 (Read Text)_Train (200).jpg,1 (Read Text)
1 (Read Text)_Train (201).jpg,1 (Read Text)
1 (Read Text)_Train (202).jpg,1 (Read Text)
1 (Read Text)_Train (203).jpg,1 (Read Text)
1 (Read Text)_Train (204).jpg,1 (Read Text)
1 (Read Text)_Train (205).jpg,1 (Read Text)
1 (Read Text)_Train (206).jpg,1 (Read Text)
1 (Read Text)_Train (207).jpg,1 (Read Text)
1 (Read Text)_Train (208).jpg,1 (Read Text)
1 (Read Text)_Train (209).jpg,1 (Read Text)
1 (Read Text)_Train (210).jpg,1 (Read Text)
1 (Read Text)_Train (211).jpg,1 (Read Text)
1 (Read Text)_Train (212).jpg,1 (Read Text)
1 (Read Text)_Train (213).jpg,1 (Read Text)
1 (Read Text)_Train (214).jpg,1 (Read Text)
1 (Read Text)_Train (215).jpg,1 (Read Text)
1 (Read Text)_Train (216).jpg,1 (Read Text)
1 (Read Text)_Train (217).jpg,1 (Read Text)
1 (Read Text)_Train (218).jpg,1 (Read Text)
1 (Read Text)_Train (219).jpg,1 (Read Text)
1 (Read Text)_Train (220).jpg,1 (Read Text)
1 (Read Text)_Train (221).jpg,1 (Read Text)
1 (Read Text)_Train (222).jpg,1 (Read Text)
1 (Read Text)_Train (223).jpg,1 (Read Text)
1 (Read Text)_Train (224).jpg,1 (Read Text)
1 (Read Text)_Train (225).jpg,1 (Read Text)
1 (Read Text)_Train (226).jpg,1 (Read Text)
1 (Read Text)_Train (227).jpg,1 (Read Text)
1 (Read Text)_Train (228).jpg,1 (Read Text)
1 (Read Text)_Train (229).jpg,1 (Read Text)
1 (Read Text)_Train (230).jpg,1 (Read Text)
1 (Read Text)_Train (231).jpg,1 (Read Text)
1 (Read Text)_Train (232).jpg,1 (Read Text)
1 (Read Text)_Train (233).jpg,1 (Read Text)
1 (Read Text)_Train (234).jpg,1 (Read Text)
1 (Read Text)_Train (235).jpg,1 (Read Text)
1 (Read Text)_Train (236).jpg,1 (Read Text)
1 (Read Text)_Train (237).jpg,1 (Read Text)
1 (Read Text)_Train (238).jpg,1 (Read Text)
1 (Read Text)_Train (239).jpg,1 (Read Text)
1 (Read Text)_Train (240).jpg,1 (Read Text)
1 (Read Text)_Train (241).jpg,1 (Read Text)
1 (Read Text)_Train (242).jpg,1 (Read Text)
1 (Read Text)_Train (243).jpg,1 (Read Text)
1 (Read Text)_Train (244).jpg,1 (Read Text)
1 (Read Text)_Train (245).jpg,1 (Read Text)
1 (Read Text)_Train (246).jpg,1 (Read Text)
1 (Read Text)_Train (247).jpg,1 (Read Text)
1 (Read Text)_Train (248).jpg,1 (Read Text)
1 (Read Text)_Train (249).jpg,1 (Read Text)
1 (Read Text)_Train (250).jpg,1 (Read Text)
2 (Ask Friend)_Train (1).jpg,2 (Ask Friend)
2 (Ask Friend)_Train (2).jpg,2 (Ask Friend)
2 (Ask Friend)_Train (3).jpg,2 (Ask Friend)
2 (Ask Friend)_Train (4).jpg,2 (Ask Friend)
2 (Ask Friend)_Train (5).jpg,2 (Ask Friend)
2 (Ask Friend)_Train (6).jpg,2 (Ask Friend)
2 (Ask Friend)_Train (7).jpg,2 (Ask Friend)
2 (Ask Friend)_Train (8).jpg,2 (Ask Friend)
2 (Ask Friend)_Train (9).jpg,2 (Ask Friend)
2 (Ask Friend)_Train (10).jpg,2 (Ask Friend)
2 (Ask Friend)_Train (11).jpg,2 (Ask Friend)
2 (Ask Friend)_Train (12).jpg,2 (Ask Friend)
2 (Ask Friend)_Train (13).jpg,2 (Ask Friend)
2 (Ask Friend)_Train (14).jpg,2 (Ask Friend)
2 (Ask Friend)_Train (15).jpg,2 (Ask Friend)
2 (Ask Friend)_Train (16).jpg,2 (Ask Friend)
2 (Ask Friend)_Train (17).jpg,2 (Ask Friend)
2 (Ask Friend)_Train (18).jpg,2 (Ask Friend)
2 (Ask Friend)_Train (19).jpg,2 (Ask Friend)
2 (Ask Friend)_Train (20).jpg,2 (Ask Friend)
2 (Ask Friend)_Train (21).jpg,2 (Ask Friend)
2 (Ask Friend)_Train (22).jpg,2 (Ask Friend)
2 (Ask Friend)_Train (23).jpg,2 (Ask Friend)
2 (Ask Friend)_Train (24).jpg,2 (Ask Friend)
2 (Ask Friend)_Train (25).jpg,2 (Ask Friend)
2 (Ask Friend)_Train (26).jpg,2 (Ask Friend)
2 (Ask Friend)_Train (27).jpg,2 (Ask Friend)
2 (Ask Friend)_Train (28).jpg,2 (Ask Friend)
2 (Ask Friend)_Train (29).jpg,2 (Ask Friend)
2 (Ask Friend)_Train (30).jpg,2 (Ask Friend)
2 (Ask Friend)_Train (31).jpg,2 (Ask Friend)
2 (Ask Friend)_Train (32).jpg,2 (Ask Friend)
2 (Ask Friend)_Train (33).jpg,2 (Ask Friend)
2 (Ask Friend)_Train (34).jpg,2 (Ask Friend)
2 (Ask Friend)_Train (35).jpg,2 (Ask Friend)
2 (Ask Friend)_Train (36).jpg,2 (Ask Friend)
2 (Ask Friend)_Train (37).jpg,2 (Ask Friend)
2 (Ask Friend)_Train (38).jpg,2 (Ask Friend)
2 (Ask Friend)_Train (39).jpg,2 (Ask Friend)
2 (Ask Friend)_Train (40).jpg,2 (Ask Friend)
2 (Ask Friend)_Train (41).jpg,2 (Ask Friend)
2 (Ask Friend)_Train (42).jpg,2 (Ask Friend)
2 (Ask Friend)_Train (43).jpg,2 (Ask Friend)
2 (Ask Friend)_Train (44).jpg,2 (Ask Friend)
2 (Ask Friend)_Train (45).jpg,2 (Ask Friend)
2 (Ask Friend)_Train (46).jpg,2 (Ask Friend)
2 (Ask Friend)_Train (47).jpg,2 (Ask Friend)
2 (Ask Friend)_Train (48).jpg,2 (Ask Friend)
2 (Ask Friend)_Train (49).jpg,2 (Ask Friend)
2 (Ask Friend)_Train (50).jpg,2 (Ask Friend)
2 (Ask Friend)_Train (51).jpg,2 (Ask Friend)
2 (Ask Friend)_Train (52).jpg,2 (Ask Friend)
2 (Ask Friend)_Train (53).jpg,2 (Ask Friend)
2 (Ask Friend)_Train (54).jpg,2 (Ask Friend)
2 (Ask Friend)_Train (55).jpg,2 (Ask Friend)
2 (Ask Friend)_Train (56).jpg,2 (Ask Friend)
2 (Ask Friend)_Train (57).jpg,2 (Ask Friend)
2 (Ask Friend)_Train (58).jpg,2 (Ask Friend)
2 (Ask Friend)_Train (59).jpg,2 (Ask Friend)
2 (Ask Friend)_Train (60).jpg,2 (Ask Friend)
2 (Ask Friend)_Train (61).jpg,2 (Ask Friend)
2 (Ask Friend)_Train (62).jpg,2 (Ask Friend)
2 (Ask Friend)_Train (63).jpg,2 (Ask Friend)
2 (Ask Friend)_Train (64).jpg,2 (Ask Friend)
2 (Ask Friend)_Train (65).jpg,2 (Ask Friend)
2 (Ask Friend)_Train (66).jpg,2 (Ask Friend)
2 (Ask Friend)_Train (67).jpg,2 (Ask Friend)
2 (Ask Friend)_Train (68).jpg,2 (Ask Friend)
2 (Ask Friend)_Train (69).jpg,2 (Ask Friend)
2 (Ask Friend)_Train (70).jpg,2 (Ask Friend)
2 (Ask Friend)_Train (71).jpg,2 (Ask Friend)
2 (Ask Friend)_Train (72).jpg,2 (Ask Friend)
2 (Ask Friend)_Train (73).jpg,2 (Ask Friend)
2 (Ask Friend)_Train (74).jpg,2 (Ask Friend)
2 (Ask Friend)_Train (75).jpg,2 (Ask Friend)
2 (Ask Friend)_Train (76).jpg,2 (Ask Friend)
2 (Ask Friend)_Train (77).jpg,2 (Ask Friend)
2 (Ask Friend)_Train (78).jpg,2 (Ask Friend)
2 (Ask Friend)_Train (79).jpg,2 (Ask Friend)
2 (Ask Friend)_Train (80).jpg,2 (Ask Friend)
2 (Ask Friend)_Train (81).jpg,2 (Ask Friend)
2 (Ask Friend)_Train (82).jpg,2 (Ask Friend)
2 (Ask Friend)_Train (83).jpg,2 (Ask Friend)
2 (Ask Friend)_Train (84).jpg,2 (Ask Friend)
2 (Ask Friend)_Train (85).jpg,2 (Ask Friend)
2 (Ask Friend)_Train (86).jpg,2 (Ask Friend)
2 (Ask Friend)_Train (87).jpg,2 (Ask Friend)
2 (Ask Friend)_Train (88).jpg,2 (Ask Friend)
2 (Ask Friend)_Train (89).jpg,2 (Ask Friend)
2 (Ask Friend)_Train (90).jpg,2 (Ask Friend)
2 (Ask Friend)_Train (91).jpg,2 (Ask Friend)
2 (Ask Friend)_Train (92).jpg,2 (Ask Friend)
2 (Ask Friend)_Train (93).jpg,2 (Ask Friend)
2 (Ask Friend)_Train (94).jpg,2 (Ask Friend)
2 (Ask Friend)_Train (95).jpg,2 (Ask Friend)
2 (Ask Friend)_Train (96).jpg,2 (Ask Friend)
2 (Ask Friend)_Train (97).jpg,2 (Ask Friend)
2 (Ask Friend)_Train (98).jpg,2 (Ask Friend)
2 (Ask Friend)_Train (99).jpg,2 (Ask Friend)
2 (Ask Friend)_Train (100).jpg,2 (Ask Friend)
2 (Ask Friend)_Train (101).jpg,2 (Ask Friend)
2 (Ask Friend)_Train (102).jpg,2 (Ask Friend)
2 (Ask Friend)_Train (103).jpg,2 (Ask Friend)
2 (Ask Friend)_Train (104).jpg,2 (Ask Friend)
2 (Ask Friend)_Train (105).jpg,2 (Ask Friend)
2 (Ask Friend)_Train (106).jpg,2 (Ask Friend)
2 (Ask Friend)_Train (107).jpg,2 (Ask Friend)
2 (Ask Friend)_Train (108).jpg,2 (Ask Friend)
2 (Ask Friend)_Train (109).jpg,2 (Ask Friend)
2 (Ask Friend)_Train (110).jpg,2 (Ask Friend)
2 (Ask Friend)_Train (111).jpg,2 (Ask Friend)
2 (Ask Friend)_Train (112).jpg,2 (Ask Friend)
2 (Ask Friend)_Train (113).jpg,2 (Ask Friend)
2 (Ask Friend)_Train (114).jpg,2 (Ask Friend)
2 (Ask Friend)_Train (115).jpg,2 (Ask Friend)
2 (Ask Friend)_Train (116).jpg,2 (Ask Friend)
2 (Ask Friend)_Train (117).jpg,2 (Ask Friend)
2 (Ask Friend)_Train (118).jpg,2 (Ask Friend)
2 (Ask Friend)_Train (119).jpg,2 (Ask Friend)
2 (Ask Friend)_Train (120).jpg,2 (Ask Friend)
2 (Ask Friend)_Train (121).jpg,2 (Ask Friend)
2 (Ask Friend)_Train (122).jpg,2 (Ask Friend)
2 (Ask Friend)_Train (123).jpg,2 (Ask Friend)
2 (Ask Friend)_Train (124).jpg,2 (Ask Friend)
2 (Ask Friend)_Train (125).jpg,2 (Ask Friend)
2 (Ask Friend)_Train (126).jpg,2 (Ask Friend)
2 (Ask Friend)_Train (127).jpg,2 (Ask Friend)
2 (Ask Friend)_Train (128).jpg,2 (Ask Friend)
2 (Ask Friend)_Train (129).jpg,2 (Ask Friend)
2 (Ask Friend)_Train (130).jpg,2 (Ask Friend)
2 (Ask Friend)_Train (131).jpg,2 (Ask Friend)
2 (Ask Friend)_Train (132).jpg,2 (Ask Friend)
2 (Ask Friend)_Train (133).jpg,2 (Ask Friend)
2 (Ask Friend)_Train (134).jpg,2 (Ask Friend)
2 (Ask Friend)_Train (135).jpg,2 (Ask Friend)
2 (Ask Friend)_Train (136).jpg,2 (Ask Friend)
2 (Ask Friend)_Train (137).jpg,2 (Ask Friend)
2 (Ask Friend)_Train (138).jpg,2 (Ask Friend)
2 (Ask Friend)_Train (139).jpg,2 (Ask Friend)
2 (Ask Friend)_Train (140).jpg,2 (Ask Friend)
2 (Ask Friend)_Train (141).jpg,2 (Ask Friend)
2 (Ask Friend)_Train (142).jpg,2 (Ask Friend)
2 (Ask Friend)_Train (143).jpg,2 (Ask Friend)
2 (Ask Friend)_Train (144).jpg,2 (Ask Friend)
2 (Ask Friend)_Train (145).jpg,2 (Ask Friend)
2 (Ask Friend)_Train (146).jpg,2 (Ask Friend)
2 (Ask Friend)_Train (147).jpg,2 (Ask Friend)
2 (Ask Friend)_Train (148).jpg,2 (Ask Friend)
2 (Ask Friend)_Train (149).jpg,2 (Ask Friend)
2 (Ask Friend)_Train (150).jpg,2 (Ask Friend)
2 (Ask Friend)_Train (151).jpg,2 (Ask Friend)
2 (Ask Friend)_Train (152).jpg,2 (Ask Friend)
2 (Ask Friend)_Train (153).jpg,2 (Ask Friend)
2 (Ask Friend)_Train (154).jpg,2 (Ask Friend)
2 (Ask Friend)_Train (155).jpg,2 (Ask Friend)
2 (Ask Friend)_Train (156).jpg,2 (Ask Friend)
2 (Ask Friend)_Train (157).jpg,2 (Ask Friend)
2 (Ask Friend)_Train (158).jpg,2 (Ask Friend)
2 (Ask Friend)_Train (159).jpg,2 (Ask Friend)
2 (Ask Friend)_Train (160).jpg,2 (Ask Friend)
2 (Ask Friend)_Train (161).jpg,2 (Ask Friend)
2 (Ask Friend)_Train (162).jpg,2 (Ask Friend)
2 (Ask Friend)_Train (163).jpg,2 (Ask Friend)
2 (Ask Friend)_Train (164).jpg,2 (Ask Friend)
2 (Ask Friend)_Train (165).jpg,2 (Ask Friend)
2 (Ask Friend)_Train (166).jpg,2 (Ask Friend)
2 (Ask Friend)_Train (167).jpg,2 (Ask Friend)
2 (Ask Friend)_Train (168).jpg,2 (Ask Friend)
2 (Ask Friend)_Train (169).jpg,2 (Ask Friend)
2 (Ask Friend)_Train (170).jpg,2 (Ask Friend)
2 (Ask Friend)_Train (171).jpg,2 (Ask Friend)
2 (Ask Friend)_Train (172).jpg,2 (Ask Friend)
2 (Ask Friend)_Train (173).jpg,2 (Ask Friend)
2 (Ask Friend)_Train (174).jpg,2 (Ask Friend)
2 (Ask Friend)_Train (175).jpg,2 (Ask Friend)
2 (Ask Friend)_Train (176).jpg,2 (Ask Friend)
2 (Ask Friend)_Train (177).jpg,2 (Ask Friend)
2 (Ask Friend)_Train (178).jpg,2 (Ask Friend)
2 (Ask Friend)_Train (179).jpg,2 (Ask Friend)
2 (Ask Friend)_Train (180).jpg,2 (Ask Friend)
2 (Ask Friend)_Train (181).jpg,2 (Ask Friend)
2 (Ask Friend)_Train (182).jpg,2 (Ask Friend)
2 (Ask Friend)_Train (183).jpg,2 (Ask Friend)
2 (Ask Friend)_Train (184).jpg,2 (Ask Friend)
2 (Ask Friend)_Train (185).jpg,2 (Ask Friend)
2 (Ask Friend)_Train (186).jpg,2 (Ask Friend)
2 (Ask Friend)_Train (187).jpg,2 (Ask Friend)
2 (Ask Friend)_Train (188).jpg,2 (Ask Friend)
2 (Ask Friend)_Train (189).jpg,2 (Ask Friend)
2 (Ask Friend)_Train (190).jpg,2 (Ask Friend)
2 (Ask Friend)_Train (191).jpg,2 (Ask Friend)
2 (Ask Friend)_Train (192).jpg,2 (Ask Friend)
2 (Ask Friend)_Train (193).jpg,2 (Ask Friend)
2 (Ask Friend)_Train (194).jpg,2 (Ask Friend)
2 (Ask Friend)_Train (195).jpg,2 (Ask Friend)
2 (Ask Friend)_Train (196).jpg,2 (Ask Friend)
2 (Ask Friend)_Train (197).jpg,2 (Ask Friend)
2 (Ask Friend)_Train (198).jpg,2 (Ask Friend)
2 (Ask Friend)_Train (199).jpg,2 (Ask Friend)
2 (Ask Friend)_Train (200).jpg,2 (Ask Friend)
5 (Call Friend)_Train (1).jpg,5 (Call Friend)
5 (Call Friend)_Train (2).jpg,5 (Call Friend)
5 (Call Friend)_Train (3).jpg,5 (Call Friend)
5 (Call Friend)_Train (4).jpg,5 (Call Friend)
5 (Call Friend)_Train (5).jpg,5 (Call Friend)
5 (Call Friend)_Train (6).jpg,5 (Call Friend)
5 (Call Friend)_Train (7).jpg,5 (Call Friend)
5 (Call Friend)_Train (8).jpg,5 (Call Friend)
5 (Call Friend)_Train (9).jpg,5 (Call Friend)
5 (Call Friend)_Train (10).jpg,5 (Call Friend)
5 (Call Friend)_Train (11).jpg,5 (Call Friend)
5 (Call Friend)_Train (12).jpg,5 (Call Friend)
5 (Call Friend)_Train (13).jpg,5 (Call Friend)
5 (Call Friend)_Train (14).jpg,5 (Call Friend)
5 (Call Friend)_Train (15).jpg,5 (Call Friend)
5 (Call Friend)_Train (16).jpg,5 (Call Friend)
5 (Call Friend)_Train (17).jpg,5 (Call Friend)
5 (Call Friend)_Train (18).jpg,5 (Call Friend)
5 (Call Friend)_Train (19).jpg,5 (Call Friend)
5 (Call Friend)_Train (20).jpg,5 (Call Friend)
5 (Call Friend)_Train (21).jpg,5 (Call Friend)
5 (Call Friend)_Train (22).jpg,5 (Call Friend)
5 (Call Friend)_Train (23).jpg,5 (Call Friend)
5 (Call Friend)_Train (24).jpg,5 (Call Friend)
5 (Call Friend)_Train (25).jpg,5 (Call Friend)
5 (Call Friend)_Train (26).jpg,5 (Call Friend)
5 (Call Friend)_Train (27).jpg,5 (Call Friend)
5 (Call Friend)_Train (28).jpg,5 (Call Friend)
5 (Call Friend)_Train (29).jpg,5 (Call Friend)
5 (Call Friend)_Train (30).jpg,5 (Call Friend)
5 (Call Friend)_Train (31).jpg,5 (Call Friend)
5 (Call Friend)_Train (32).jpg,5 (Call Friend)
5 (Call Friend)_Train (33).jpg,5 (Call Friend)
5 (Call Friend)_Train (34).jpg,5 (Call Friend)
5 (Call Friend)_Train (35).jpg,5 (Call Friend)
5 (Call Friend)_Train (36).jpg,5 (Call Friend)
5 (Call Friend)_Train (37).jpg,5 (Call Friend)
5 (Call Friend)_Train (38).jpg,5 (Call Friend)
5 (Call Friend)_Train (39).jpg,5 (Call Friend)
5 (Call Friend)_Train (40).jpg,5 (Call Friend)
5 (Call Friend)_Train (41).jpg,5 (Call Friend)
5 (Call Friend)_Train (42).jpg,5 (Call Friend)
5 (Call Friend)_Train (43).jpg,5 (Call Friend)
5 (Call Friend)_Train (44).jpg,5 (Call Friend)
5 (Call Friend)_Train (45).jpg,5 (Call Friend)
5 (Call Friend)_Train (46).jpg,5 (Call Friend)
5 (Call Friend)_Train (47).jpg,5 (Call Friend)
5 (Call Friend)_Train (48).jpg,5 (Call Friend)
5 (Call Friend)_Train (49).jpg,5 (Call Friend)
5 (Call Friend)_Train (50).jpg,5 (Call Friend)
5 (Call Friend)_Train (51).jpg,5 (Call Friend)
5 (Call Friend)_Train (52).jpg,5 (Call Friend)
5 (Call Friend)_Train (53).jpg,5 (Call Friend)
5 (Call Friend)_Train (54).jpg,5 (Call Friend)
5 (Call Friend)_Train (55).jpg,5 (Call Friend)
5 (Call Friend)_Train (56).jpg,5 (Call Friend)
5 (Call Friend)_Train (57).jpg,5 (Call Friend)
5 (Call Friend)_Train (58).jpg,5 (Call Friend)
5 (Call Friend)_Train (59).jpg,5 (Call Friend)
5 (Call Friend)_Train (60).jpg,5 (Call Friend)
5 (Call Friend)_Train (61).jpg,5 (Call Friend)
5 (Call Friend)_Train (62).jpg,5 (Call Friend)
5 (Call Friend)_Train (63).jpg,5 (Call Friend)
5 (Call Friend)_Train (64).jpg,5 (Call Friend)
5 (Call Friend)_Train (65).jpg,5 (Call Friend)
5 (Call Friend)_Train (66).jpg,5 (Call Friend)
5 (Call Friend)_Train (67).jpg,5 (Call Friend)
5 (Call Friend)_Train (68).jpg,5 (Call Friend)
5 (Call Friend)_Train (69).jpg,5 (Call Friend)
5 (Call Friend)_Train (70).jpg,5 (Call Friend)
5 (Call Friend)_Train (71).jpg,5 (Call Friend)
5 (Call Friend)_Train (72).jpg,5 (Call Friend)
5 (Call Friend)_Train (73).jpg,5 (Call Friend)
5 (Call Friend)_Train (74).jpg,5 (Call Friend)
5 (Call Friend)_Train (75).jpg,5 (Call Friend)
5 (Call Friend)_Train (76).jpg,5 (Call Friend)
5 (Call Friend)_Train (77).jpg,5 (Call Friend)
5 (Call Friend)_Train (78).jpg,5 (Call Friend)
5 (Call Friend)_Train (79).jpg,5 (Call Friend)
5 (Call Friend)_Train (80).jpg,5 (Call Friend)
5 (Call Friend)_Train (81).jpg,5 (Call Friend)
5 (Call Friend)_Train (82).jpg,5 (Call Friend)
5 (Call Friend)_Train (83).jpg,5 (Call Friend)
5 (Call Friend)_Train (84).jpg,5 (Call Friend)
5 (Call Friend)_Train (85).jpg,5 (Call Friend)
5 (Call Friend)_Train (86).jpg,5 (Call Friend)
5 (Call Friend)_Train (87).jpg,5 (Call Friend)
5 (Call Friend)_Train (88).jpg,5 (Call Friend)
5 (Call Friend)_Train (89).jpg,5 (Call Friend)
5 (Call Friend)_Train (90).jpg,5 (Call Friend)
5 (Call Friend)_Train (91).jpg,5 (Call Friend)
5 (Call Friend)_Train (92).jpg,5 (Call Friend)
5 (Call Friend)_Train (93).jpg,5 (Call Friend)
5 (Call Friend)_Train (94).jpg,5 (Call Friend)
5 (Call Friend)_Train (95).jpg,5 (Call Friend)
5 (Call Friend)_Train (96).jpg,5 (Call Friend)
5 (Call Friend)_Train (97).jpg,5 (Call Friend)
5 (Call Friend)_Train (98).jpg,5 (Call Friend)
5 (Call Friend)_Train (99).jpg,5 (Call Friend)
5 (Call Friend)_Train (100).jpg,5 (Call Friend)
5 (Call Friend)_Train (101).jpg,5 (Call Friend)
5 (Call Friend)_Train (102).jpg,5 (Call Friend)
5 (Call Friend)_Train (103).jpg,5 (Call Friend)
5 (Call Friend)_Train (104).jpg,5 (Call Friend)
5 (Call Friend)_Train (105).jpg,5 (Call Friend)
5 (Call Friend)_Train (106).jpg,5 (Call Friend)
5 (Call Friend)_Train (107).jpg,5 (Call Friend)
5 (Call Friend)_Train (108).jpg,5 (Call Friend)
5 (Call Friend)_Train (109).jpg,5 (Call Friend)
5 (Call Friend)_Train (110).jpg,5 (Call Friend)
5 (Call Friend)_Train (111).jpg,5 (Call Friend)
5 (Call Friend)_Train (112).jpg,5 (Call Friend)
5 (Call Friend)_Train (113).jpg,5 (Call Friend)
5 (Call Friend)_Train (114).jpg,5 (Call Friend)
5 (Call Friend)_Train (115).jpg,5 (Call Friend)
5 (Call Friend)_Train (116).jpg,5 (Call Friend)
5 (Call Friend)_Train (117).jpg,5 (Call Friend)
5 (Call Friend)_Train (118).jpg,5 (Call Friend)
5 (Call Friend)_Train (119).jpg,5 (Call Friend)
5 (Call Friend)_Train (120).jpg,5 (Call Friend)
5 (Call Friend)_Train (121).jpg,5 (Call Friend)
5 (Call Friend)_Train (122).jpg,5 (Call Friend)
5 (Call Friend)_Train (123).jpg,5 (Call Friend)
5 (Call Friend)_Train (124).jpg,5 (Call Friend)
5 (Call Friend)_Train (125).jpg,5 (Call Friend)
5 (Call Friend)_Train (126).jpg,5 (Call Friend)
5 (Call Friend)_Train (127).jpg,5 (Call Friend)
5 (Call Friend)_Train (128).jpg,5 (Call Friend)
5 (Call Friend)_Train (129).jpg,5 (Call Friend)
5 (Call Friend)_Train (130).jpg,5 (Call Friend)
5 (Call Friend)_Train (131).jpg,5 (Call Friend)
5 (Call Friend)_Train (132).jpg,5 (Call Friend)
5 (Call Friend)_Train (133).jpg,5 (Call Friend)
5 (Call Friend)_Train (134).jpg,5 (Call Friend)
5 (Call Friend)_Train (135).jpg,5 (Call Friend)
5 (Call Friend)_Train (136).jpg,5 (Call Friend)
5 (Call Friend)_Train (137).jpg,5 (Call Friend)
5 (Call Friend)_Train (138).jpg,5 (Call Friend)
5 (Call Friend)_Train (139).jpg,5 (Call Friend)
5 (Call Friend)_Train (140).jpg,5 (Call Friend)
5 (Call Friend)_Train (141).jpg,5 (Call Friend)
5 (Call Friend)_Train (142).jpg,5 (Call Friend)
5 (Call Friend)_Train (143).jpg,5 (Call Friend)
5 (Call Friend)_Train (144).jpg,5 (Call Friend)
5 (Call Friend)_Train (145).jpg,5 (Call Friend)
5 (Call Friend)_Train (146).jpg,5 (Call Friend)
5 (Call Friend)_Train (147).jpg,5 (Call Friend)
5 (Call Friend)_Train (148).jpg,5 (Call Friend)
5 (Call Friend)_Train (149).jpg,5 (Call Friend)
5 (Call Friend)_Train (150).jpg,5 (Call Friend)
